Order,Release Date,Title,Reader Outcome,Tier,Cluster,Status,Published Date,URL,Commit SHA,GSC Baseline Date,Last GSC Check
1,2026-08-01,"SEO for Technical Documentation: The Complete Developer Docs Checklist","Build or repair a documentation site's organic discoverability.",Anchor,Documentation foundations,Planned,,,,,
2,2026-08-03,"Technical Documentation Template: From Empty Repository to Published Guide","Start a documentation project from a usable structure.",Anchor,Documentation foundations,Planned,,,,,
3,2026-08-05,"Technical Documentation Best Practices, Tested on Real Developer Docs","Improve documentation using practices grounded in actual failures.",Anchor,Documentation foundations,Planned,,,,,
4,2026-08-07,"What Is Technical Documentation, and What Should It Include?","Understand the deliverables before starting.",Practical,Documentation foundations,Planned,,,,,
5,2026-08-09,"Types of Technical Documentation: Choose the Right Format","Match tutorials, how-to guides, reference, and explanation to a task.",Practical,Documentation foundations,Planned,,,,,
6,2026-08-11,"Internal vs. External Documentation: What Belongs Where","Separate team knowledge from customer-facing docs.",Practical,Documentation foundations,Planned,,,,,
7,2026-08-13,"How to Organize a Documentation Site","Turn an unstructured page list into usable navigation.",Practical,Documentation foundations,Planned,,,,,
8,2026-08-15,"Documentation Information Architecture for Developer Products","Design hierarchy, labels, and cross-links.",Practical,Documentation foundations,Planned,,,,,
9,2026-08-17,"Documentation Style Guide Template for Developer Teams","Standardize terminology, voice, code, and UI references.",Focused,Documentation foundations,Planned,,,,,
10,2026-08-19,"Documentation Review Checklist Before You Publish","Run an editorial, technical, and usability review.",Focused,Documentation foundations,Planned,,,,,
11,2026-08-21,"Documentation Accessibility Checklist","Make headings, code, links, tables, and visuals accessible.",Focused,Documentation foundations,Planned,,,,,
12,2026-08-23,"How to Write Task-Based Documentation Headings","Replace vague topic labels with scannable reader tasks.",Focused,Documentation foundations,Planned,,,,,
13,2026-08-25,"What a Documentation Homepage Must Help Users Do","Design a useful entry point rather than a card wall.",Focused,Documentation foundations,Planned,,,,,
14,2026-08-27,"How to Audit Broken Links, Redirects, and Canonicals in Docs","Find crawl and migration defects.",Focused,Documentation foundations,Planned,,,,,
15,2026-08-29,"How to Document Multiple Product Versions","Prevent users and search engines from landing on the wrong version.",Focused,Documentation foundations,Planned,,,,,
16,2026-09-01,"API Documentation Best Practices: Reference, Guides, and Working Requests","Build an API docs system that gets developers to successful requests.",Anchor,API documentation,Planned,,,,,
17,2026-09-03,"API Documentation Examples: What the Best Developer Portals Get Right","Learn from developer portals without copying surface-level design.",Anchor,API documentation,Planned,,,,,
18,2026-09-05,"API Documentation Tools: A Hands-On Comparison for Small Teams","Choose an API documentation tool based on actual workflow needs.",Anchor,API documentation,Planned,,,,,
19,2026-09-07,"API Documentation Template: The Pages Every API Needs","Start an API docs project from a complete outline.",Practical,API documentation,Planned,,,,,
20,2026-09-09,"What Is API Documentation? Reference, Guides, and Examples","Understand the components of an API docs system.",Practical,API documentation,Planned,,,,,
21,2026-09-11,"API Reference vs. API Guides: Where Each Answer Belongs","Stop forcing every task into endpoint reference pages.",Practical,API documentation,Planned,,,,,
22,2026-09-13,"How to Document API Authentication","Explain keys, OAuth, scopes, expiry, and failed authentication.",Practical,API documentation,Planned,,,,,
23,2026-09-15,"How to Document API Errors","Turn codes and messages into actionable recovery steps.",Practical,API documentation,Planned,,,,,
24,2026-09-17,"How to Document API Pagination","Show cursors, limits, ordering, and complete iteration.",Focused,API documentation,Planned,,,,,
25,2026-09-19,"How to Document Webhooks","Cover payloads, signing, retries, ordering, and testing.",Focused,API documentation,Planned,,,,,
26,2026-09-21,"How to Write API Code Examples Developers Can Run","Produce complete requests with expected responses.",Focused,API documentation,Planned,,,,,
27,2026-09-23,"REST API Documentation Example: A Complete Endpoint","See one endpoint documented from authentication through errors.",Focused,API documentation,Planned,,,,,
28,2026-09-25,"OpenAPI Documentation Best Practices","Improve descriptions, examples, schemas, and generated output.",Focused,API documentation,Planned,,,,,
29,2026-09-27,"Interactive API Documentation: When Try-It Consoles Help","Decide when interactivity improves or harms the workflow.",Focused,API documentation,Planned,,,,,
30,2026-09-29,"API Documentation Checklist Before Release","Verify coverage, accuracy, examples, and version behavior.",Focused,API documentation,Planned,,,,,
31,2026-10-01,"Docs as Code: A Working Git-Based Documentation Workflow","Implement a reliable Git-based documentation workflow.",Anchor,Docs as code,Planned,,,,,
32,2026-10-03,"Technical Documentation Software: How to Choose Without Replatforming Twice","Choose a platform based on the team's actual constraints.",Anchor,Docs as code,Planned,,,,,
33,2026-10-05,"Documentation Maintenance: A Workflow That Keeps Docs Current","Keep documentation aligned with product releases.",Anchor,Docs as code,Planned,,,,,
34,2026-10-07,"Docs-as-Code Tools: The Minimum Stack You Actually Need","Choose authoring, preview, linting, and deployment tools.",Practical,Docs as code,Planned,,,,,
35,2026-10-09,"Docs-as-Code Example Repository, Explained File by File","Understand a working repository without copying blindly.",Practical,Docs as code,Planned,,,,,
36,2026-10-11,"Documentation Workflow From Issue to Published Page","Define ownership and handoffs.",Practical,Docs as code,Planned,,,,,
37,2026-10-13,"Documentation Automation That Is Safe to Trust","Automate mechanical work without inventing content.",Practical,Docs as code,Planned,,,,,
38,2026-10-15,"Automated API Documentation From OpenAPI","Generate reference while preserving human-written guidance.",Practical,Docs as code,Planned,,,,,
39,2026-10-17,"Documentation Testing: What You Can Validate in CI","Test links, structure, spelling, code, and builds.",Focused,Docs as code,Planned,,,,,
40,2026-10-19,"Documentation Linting With Vale and Markdownlint","Enforce useful rules without fighting every sentence.",Focused,Docs as code,Planned,,,,,
41,2026-10-21,"How to Add a Broken-Link Check to Documentation CI","Catch dead internal and external links before release.",Focused,Docs as code,Planned,,,,,
42,2026-10-23,"Preview Deployments for Documentation Pull Requests","Let reviewers inspect the rendered change.",Focused,Docs as code,Planned,,,,,
43,2026-10-25,"Documentation Versioning in Git","Align product, branch, and published documentation versions.",Focused,Docs as code,Planned,,,,,
44,2026-10-27,"Documentation Ownership: A Practical Maintainer Model","Assign accountable owners without creating a bottleneck.",Focused,Docs as code,Planned,,,,,
45,2026-10-29,"Documentation Migration Checklist","Move platforms without losing URLs, metadata, or search equity.",Focused,Docs as code,Planned,,,,,
46,2026-11-01,"Technical Documentation Examples: Tutorials, How-To Guides, Reference, and Explanation","See four complete documentation formats for the same product.",Anchor,Documentation formats,Planned,,,,,
47,2026-11-03,"Troubleshooting Guide Template: Write Answers Developers Can Actually Use","Create troubleshooting content that leads to resolution.",Anchor,Documentation formats,Planned,,,,,
48,2026-11-05,"Developer Onboarding Checklist for API and DevTools Products","Find and remove friction from first-use documentation.",Anchor,Documentation formats,Planned,,,,,
49,2026-11-07,"Tutorial vs. How-To vs. Reference vs. Explanation","Choose the right document type for the reader task.",Practical,Documentation formats,Planned,,,,,
50,2026-11-09,"How to Write a Technical Tutorial That Survives Copy-Paste","Build and test a complete learning path.",Practical,Documentation formats,Planned,,,,,
51,2026-11-11,"How-To Documentation Template","Write a focused procedure for a known goal.",Practical,Documentation formats,Planned,,,,,
52,2026-11-13,"Reference Documentation Template","Record parameters, behavior, constraints, and examples consistently.",Practical,Documentation formats,Planned,,,,,
53,2026-11-15,"How to Write Explanation Documentation","Teach concepts and tradeoffs without hiding task pages.",Practical,Documentation formats,Planned,,,,,
54,2026-11-17,"Release Notes Best Practices for Developer Products","Communicate impact, required action, and migration details.",Focused,Documentation formats,Planned,,,,,
55,2026-11-19,"Changelog Best Practices: Structure, Links, and Automation","Maintain a useful chronological product record.",Focused,Documentation formats,Planned,,,,,
56,2026-11-21,"How to Write an API Changelog","Track breaking changes, deprecations, and new behavior.",Focused,Documentation formats,Planned,,,,,
57,2026-11-23,"SDK Documentation Best Practices","Document installation, initialization, methods, and language differences.",Focused,Documentation formats,Planned,,,,,
58,2026-11-25,"CLI Documentation Best Practices","Cover commands, flags, output, exit codes, and shell examples.",Focused,Documentation formats,Planned,,,,,
59,2026-11-27,"README Best Practices for Developer Tools","Move users from repository landing page to first success.",Focused,Documentation formats,Planned,,,,,
60,2026-11-29,"How to Document Error Messages","Connect exact messages to causes, fixes, and escalation.",Focused,Documentation formats,Planned,,,,,
61,2026-12-01,"Free llms.txt Generator and Checker for Documentation Sites","Generate and validate an llms.txt file without inflated promises.",Anchor,AI-ready documentation,Planned,,,,,
62,2026-12-03,"Does llms.txt Improve AI Visibility? A Controlled Documentation Test","Understand whether llms.txt changes crawler or citation behavior.",Anchor,AI-ready documentation,Planned,,,,,
63,2026-12-05,"Semantic Chunking for Documentation RAG: A Reproducible Benchmark","Choose a retrieval chunking strategy using real evidence.",Anchor,AI-ready documentation,Planned,,,,,
64,2026-12-07,"What Is llms.txt, and What Is It Not?","Understand the proposal without inflated promises.",Practical,AI-ready documentation,Planned,,,,,
65,2026-12-09,"llms.txt Format and Implementation Guide","Create and validate a file manually.",Practical,AI-ready documentation,Planned,,,,,
66,2026-12-11,"robots.txt for AI Crawlers: A Documentation-Site Guide","Decide which crawlers can access which content.",Practical,AI-ready documentation,Planned,,,,,
67,2026-12-13,"AI-Ready Documentation Checklist","Improve structure and retrievability without keyword theater.",Practical,AI-ready documentation,Planned,,,,,
68,2026-12-15,"Document Chunking Strategies for RAG","Choose a chunking method for a documentation corpus.",Practical,AI-ready documentation,Planned,,,,,
69,2026-12-17,"Heading-Aware Chunking for Technical Documentation","Preserve task and section context during retrieval.",Focused,AI-ready documentation,Planned,,,,,
70,2026-12-19,"Fixed-Token vs. Recursive vs. Semantic Chunking","Understand operational tradeoffs before benchmarking.",Focused,AI-ready documentation,Planned,,,,,
71,2026-12-21,"Metadata for Documentation RAG","Attach product, version, language, and page-type filters.",Focused,AI-ready documentation,Planned,,,,,
72,2026-12-23,"Hybrid Search for Documentation","Combine exact error-code matching with semantic retrieval.",Focused,AI-ready documentation,Planned,,,,,
73,2026-12-25,"Reranking Documentation Search Results","Improve ordering after initial retrieval.",Focused,AI-ready documentation,Planned,,,,,
74,2026-12-27,"How to Evaluate a Documentation Chatbot","Build answer, citation, refusal, and freshness tests.",Focused,AI-ready documentation,Planned,,,,,
75,2026-12-29,"AI Chatbot for Documentation: A Reference Architecture","Connect ingestion, retrieval, generation, citations, and feedback.",Focused,AI-ready documentation,Planned,,,,,
76,2027-01-01,"Code Documentation Best Practices: Comments, Examples, and Reference Pages","Choose what belongs in code, comments, examples, and external docs.",Anchor,Technical content,Planned,,,,,
77,2027-01-03,"SEO Content Brief Template for Technical Blog Posts","Plan a technical article around intent, proof, and maintainability.",Anchor,Technical content,Planned,,,,,
78,2027-01-05,"Documentation Metrics: How to Measure Whether the Docs Work","Measure task success and documentation quality without vanity metrics.",Anchor,Technical content,Planned,,,,,
79,2027-01-07,"How to Write a Technical Blog Post for Developers","Turn a technical reader task into a credible article.",Practical,Technical content,Planned,,,,,
80,2027-01-09,"Technical Blog Examples: Tutorials, Benchmarks, and Teardowns","Choose a format based on the evidence available.",Practical,Technical content,Planned,,,,,
81,2027-01-11,"How to Write Code Examples for Technical Content","Make snippets complete, focused, and testable.",Practical,Technical content,Planned,,,,,
82,2027-01-13,"Runnable Code Examples: A Validation Workflow","Test dependencies, setup, output, cleanup, and failure paths.",Practical,Technical content,Planned,,,,,
83,2027-01-15,"Should This Be Documentation or a Blog Post?","Put durable product guidance and discovery content in the right place.",Practical,Technical content,Planned,,,,,
84,2027-01-17,"Technical Content Marketing for Developer Products","Build trust and demand without disguising marketing as engineering.",Focused,Technical content,Planned,,,,,
85,2027-01-19,"B2B SaaS Technical Content Strategy","Connect problem-led content, product proof, and conversion.",Focused,Technical content,Planned,,,,,
86,2027-01-21,"Blog SEO Checklist for Technical Articles","Validate intent, structure, metadata, links, and page experience.",Focused,Technical content,Planned,,,,,
87,2027-01-23,"How to Write a Developer Tutorial With a Real Test Environment","Design a reproducible build rather than decorative code.",Focused,Technical content,Planned,,,,,
88,2027-01-25,"Technical Content Maintenance: When and How to Update","Set triggers for versions, rankings, links, and factual changes.",Focused,Technical content,Planned,,,,,
89,2027-01-27,"How to Measure Technical Content Performance","Track qualified discovery, product usage, links, and assisted leads.",Focused,Technical content,Planned,,,,,
90,2027-01-29,"How to Turn Documentation Research Into a Technical Blog Post","Reuse evidence without duplicating the documentation page.",Focused,Technical content,Planned,,,,,
